,A,B,C,D
2000-01-01,1.937578658969186,0.12615805581983636,-0.19612565122170786,1.12601584278333
2000-01-02,3.0689590411308783,-0.41653916829574295,-1.1385081343817294,1.803211116548339
2000-01-03,1.375403098906491,-0.6520429819732108,-0.4460368768222821,3.7292364798789164
2000-01-04,1.9501459831188441,-0.96674105965521,-0.8406820523984126,4.30777298628025
2000-01-05,1.34575367854434,-0.5487581989191328,-1.487233500717735,4.184726297748661
2000-01-06,0.0020561311701847718,-1.6099070498987893,-1.4984807300797227,4.773656486382877
2000-01-07,-0.10939790892133049,-2.2746764375436896,-2.3496858916386034,1.6847623571735673
2000-01-08,1.258386708946432,-2.951947578464514,-1.5358690198950768,1.8243263793401467
2000-01-09,0.3296977053581305,-1.8143777139597952,-0.4947758400659752,1.623159635821984
2000-01-10,0.14993730281072498,-2.506429891303352,-0.4685377112566844,1.4872331129570386
2000-01-11,0.930567502068363,-3.0869928633097854,-2.495555811120699,2.2485834226827803
2000-01-12,1.0748422125448953,-2.8160728840679616,-3.6266421825116355,1.8927680007848362
2000-01-13,1.1606777188022077,-2.485258449389716,-5.004733644506052,1.69680192912582
2000-01-14,1.844766417812363,-2.3524183359978053,-3.758918747180676,2.501065603246065
2000-01-15,4.182158931218735,-1.9666191889034486,-2.2980804969262763,5.507466024656413
2000-01-16,4.754644491703114,-2.054932967487551,-4.471063134209651,6.338203817007893
2000-01-17,3.2850272563306824,-2.4845960513768515,-4.676926129687644,7.6709733884813325
2000-01-18,3.7816296532998304,-3.3958408097557053,-5.266392299991232,8.065865670242292
2000-01-19,5.311165934236898,-3.25760101378324,-4.285557621665634,8.928704294805867
2000-01-20,4.265029792007037,-3.0248237946317698,-4.323822022974883,9.696080549935772
2000-01-21,4.88396666967332,-3.476688673574152,-6.041187488879135,10.737501176665297
2000-01-22,5.018366907658716,-4.494922467096583,-5.434113993817682,10.922676047785847
2000-01-23,6.535846564641678,-2.1440054850568027,-4.3782033758403225,9.635551186127167
2000-01-24,6.528608410739383,-1.6520870759305766,-3.4638418815376957,10.215445424646255
2000-01-25,6.398381193701753,-1.2508596443605549,-3.4290917899486657,10.749459256530484
2000-01-26,7.334831296020767,-1.4025219615823012,-2.0939821987059384,9.472149209352345
2000-01-27,10.015402503639383,-1.7968907868588189,-1.5492918909734557,10.19759834104021
2000-01-28,9.889544084917024,-1.1275642060860775,-3.1130071019479146,10.150141395266681
2000-01-29,9.05456398575417,-0.7757587733119407,-2.5486089440134054,8.98882735655425
2000-01-30,10.555769882672665,-1.256823011122538,-1.3009058453350724,11.220513927963388
2000-01-31,9.290580052649485,-0.9258031817585273,-0.47846103452464106,12.070948931078266
2000-02-01,10.920501597975742,-2.21437386576421,-0.1604428459651575,11.341204528051907
2000-02-02,10.601110890454056,-1.9769451092560704,-0.1531458428324429,10.631036248094881
2000-02-03,8.984835139251986,-1.6241201018270246,-0.9372946468904764,10.992867026785426
2000-02-04,9.145501722234593,-0.7148084635795809,-0.2057826479123792,9.162974487057756
2000-02-05,8.949511537183273,-1.5423095779724592,-0.017797678730509747,8.322166737296781
2000-02-06,8.853653078296919,-1.3932584480798775,-1.2860433166976026,8.50632548621289
2000-02-07,6.759977440281499,-0.7258811896977369,-1.5867814757620984,10.022733728890053
2000-02-08,6.797428062280961,-1.9418025980547626,-2.244931593137525,10.081561263926673
2000-02-09,5.244456139919893,-1.0953887570694292,-2.9058300176992637,10.153582643883631
2000-02-10,5.077376430161615,-0.13555524500020677,-4.052819635826072,9.921200701516415
2000-02-11,4.606147323404352,-0.16798065728651723,-3.078652801845006,8.806484758493994
2000-02-12,5.554338905706714,0.16345669725122808,-3.3990983971891082,9.229573867973478
2000-02-13,4.611024349795349,1.3158856303946502,-3.4904960719059543,9.348375387311568
2000-02-14,6.1784654200075355,1.1765420017135015,-3.394482130621617,9.229422590618023
2000-02-15,7.041767837934162,0.3477688678439308,-4.461053378558607,7.369859601285185
2000-02-16,8.229761474775152,1.8064135164054218,-4.8209596716166985,7.745040797277595
2000-02-17,7.926757679494898,-0.49070278653100385,-5.018061380782028,8.261872899472596
2000-02-18,7.734193197683418,0.5770031953379549,-5.3109052097289,8.543422657230273
2000-02-19,7.0945056903921255,2.318330154625268,-5.190037931540593,10.285692288577474
2000-02-20,9.886163965150093,1.3999417082341514,-6.098294195055294,10.578180309243423
2000-02-21,7.221200785430447,0.20843008557467435,-5.761421294279117,11.062356400260237
2000-02-22,8.837586124887597,1.9477238435195936,-4.466266334300137,12.02942629492025
2000-02-23,8.897951519423518,0.979974663233064,-5.163466265186369,12.892559628585202
2000-02-24,9.143228332354942,0.1455206801025175,-5.486806244228868,13.36399284863511
2000-02-25,8.411146606005655,1.915394120326962,-4.272225907881483,14.111540201088673
2000-02-26,8.542667351589419,2.630486985341011,-3.797215254288348,14.755778995785708
2000-02-27,7.9602156334499705,3.3601983972181024,-2.731619185629708,16.14713647172068
2000-02-28,6.964581676425521,5.1321535211016975,-3.3282509864785714,16.597834617921848
2000-02-29,9.289561510758084,4.401592633403049,-3.8444673350559784,18.61141609476308
2000-03-01,10.227965388603128,4.411166579961448,-2.1172675543129897,17.58190536681608
2000-03-02,9.60047070883834,3.884006429347062,-1.998109971428612,16.498118104917737
2000-03-03,10.45705219551631,2.924772856159182,-4.096481770433063,15.182485173913141
2000-03-04,11.642900152056518,2.394324359027877,-3.086195248421232,14.544051658019754
2000-03-05,13.025712503503419,1.9655708598097439,-3.6839852365498857,13.992221278691796
2000-03-06,13.270511598493956,2.7090471388560644,-4.436065199672111,14.093199827603556
2000-03-07,13.155332539213772,1.5304686973447985,-5.117563077785229,13.668246304144809
2000-03-08,14.608763359835281,-0.24119634533005896,-5.522275189299045,13.525397999659873
2000-03-09,14.796523828469251,0.044542234657468927,-6.709188197777663,13.519850058037346
2000-03-10,16.58145649554236,-0.44104575631786763,-7.806472516447839,14.59774892345403
2000-03-11,15.955402512261266,0.463024927789169,-7.261116399098874,14.205901960181848
2000-03-12,16.028528717326,1.3386460821344675,-5.73577528729003,13.905799493397701
2000-03-13,15.341164184542054,1.190704106090056,-6.250811234552837,13.314658489455097
2000-03-14,14.231091205408465,0.9328914170271576,-6.39667361969266,14.337866572539308
2000-03-15,14.990534626919738,2.258103022986681,-6.365309548189586,12.89518006681641
2000-03-16,14.942619965518611,2.2519427678883974,-7.840415979582802,13.743459455517337
2000-03-17,13.924289248119889,1.7189994250053124,-9.023232098477719,14.213408255033933
2000-03-18,12.479797668841071,1.3374421984901783,-9.725637427265728,14.67755202737692
2000-03-19,11.500904245088872,3.469058911132548,-8.945138316758392,15.325362510707526
2000-03-20,11.436517530798964,3.389892048081735,-8.913759599899787,14.730266215861517
2000-03-21,11.858308005152875,4.674119012789768,-8.711669857296014,14.456002245034325
2000-03-22,12.333322075621002,3.6013824240121357,-9.590876243578016,13.246542219224684
2000-03-23,13.10912094745552,3.043187352972083,-10.899191366295124,14.403415948732459
2000-03-24,14.333560896643135,3.112362560999148,-9.834053243571462,13.893510953790111
2000-03-25,15.188454536073284,3.6535937153184914,-10.615317437935772,14.711399016513978
2000-03-26,14.879237810436043,3.5073269912491267,-12.739792571827236,14.977970935830339
2000-03-27,14.479604755500946,2.2873581316022134,-12.431753812336574,14.949518871800278
2000-03-28,13.751961353697098,2.0357861427128374,-13.679355547784246,15.444859207118368
2000-03-29,12.324085208252907,2.1651380498503268,-13.134212365704451,16.43222340084574
2000-03-30,11.672827120295633,2.099578403115766,-12.797853081980884,16.37133008658095
2000-03-31,12.344159918481154,-0.19261431721484135,-12.356506882461957,15.910080874604231
2000-04-01,12.423456155102283,-0.8910866440709156,-14.64915118415693,15.000013171260678
2000-04-02,10.8240278089795,-1.279138816622728,-14.457062174587204,13.638269350218186
2000-04-03,8.923683194604413,-1.0447756999705626,-14.436210775718907,13.717580390368276
2000-04-04,8.957971143812452,-1.3120732273870863,-12.637306934196687,12.24446364716611
2000-04-05,11.021687978773025,-2.1303552408311437,-13.162455077537228,12.405434201219027
2000-04-06,11.004439478707539,-1.0283139007875324,-13.238805546750129,13.008948330650835
2000-04-07,11.34974621038821,-0.6215670104255929,-12.803156455567795,12.839100881599574
2000-04-08,11.8615346754554,-1.3212775626834437,-12.072754999002395,14.406185998462773
2000-04-09,12.369133209964323,-1.874341305577892,-10.864323722975257,12.204824482570489
2000-04-10,10.866762723509314,-1.5422629298209005,-9.690394288103843,11.068925734278107
2000-04-11,11.848498990783968,-2.612935223442917,-9.510497448716135,11.864473701409286
2000-04-12,11.184643354301752,-3.589108091803247,-10.589542514340392,10.722054260034614
2000-04-13,12.148851153135007,-4.951405005832824,-9.530103706327289,11.398567780688829
2000-04-14,10.250556609103285,-6.095828199730632,-9.182889972603865,10.392064520332642
2000-04-15,11.765326757767749,-6.767263019724606,-8.628165358293284,9.54835307500452
2000-04-16,11.82131960078545,-5.251158094880518,-8.845513198650835,8.355211024518315
2000-04-17,12.312574704196892,-5.106111886663892,-9.264395137814642,8.627734818051774
2000-04-18,12.121691651657624,-4.857818544611293,-8.8235514851622,8.542647009842597
2000-04-19,12.956529482147614,-6.834191364229357,-8.217581920808197,8.732129276850278
2000-04-20,14.298273989002599,-7.384670868641067,-7.072640866241226,9.710919281120505
2000-04-21,13.220841549225563,-7.685289110986552,-7.362663301987603,9.862643205768805
2000-04-22,11.958009525328997,-7.50786582721828,-7.5248127240671865,9.218386309116774
2000-04-23,11.60463906271512,-6.912995422682523,-8.388683266080816,10.187315141286344
2000-04-24,11.924723649648227,-5.382299008197679,-10.24369356616382,11.044002999873316
2000-04-25,12.003630174434663,-4.509618461185282,-9.545473745508499,11.550108806099955
2000-04-26,11.744430600701925,-5.779633510439358,-9.54171423970289,11.947148933273782
2000-04-27,11.22225691265848,-4.983728700185211,-9.429268162673454,11.734161374499635
2000-04-28,12.67137510628206,-3.881637553382001,-9.33404640842502,11.449733851106458
2000-04-29,11.844582914945342,-3.723428573649213,-9.499304909714244,12.299060982956389
2000-04-30,13.056602377946483,-5.100444357974781,-7.931601652823799,12.271239289010378
2000-05-01,13.05694604327282,-4.274033733180179,-6.545219395977735,12.386850000335441
2000-05-02,13.91562937040112,-4.103314496439299,-7.392394152908587,11.595639617572884
2000-05-03,15.052011771589862,-5.35948063884823,-6.319816172260818,12.32867123967027
2000-05-04,15.614012672188077,-5.109068406697286,-5.517742160662021,11.484606601106918
2000-05-05,15.598804296434075,-3.1086873518325184,-5.956479730168479,8.94483381616047
2000-05-06,17.173223261473243,-2.359553518507805,-6.9092888156137695,6.981335319416462
2000-05-07,17.866697612665977,-2.233530696392172,-5.740832386964394,5.206433341969825
2000-05-08,20.027872661276152,-1.3353141169837088,-5.816339794459818,6.568161220990663
2000-05-09,19.023765913358112,-0.19523921073472073,-6.008609119106045,5.567673506232879
2000-05-10,21.139559290444886,-0.9416558308500741,-4.2316700943057395,5.870845846649262
2000-05-11,19.828135149276758,-1.067084710634654,-3.8533569351770875,6.4030093877335075
2000-05-12,18.460899501961293,-2.2909878969590967,-3.9130279633390024,7.196288092537342
2000-05-13,18.241853211518805,-0.6405585125986737,-2.8866806632413287,6.420418409238012
2000-05-14,17.252072621929052,-0.5020731057584314,-2.53148801735747,7.400674924505992
2000-05-15,16.43444897380903,-2.469792360411767,-1.1371298870881623,7.80574398930578
2000-05-16,18.110520404632332,-1.9144163620410848,-3.036562931647553,9.581926330940357
2000-05-17,18.33948925043632,-3.647931768652167,-4.775479496736887,8.565992182834677
2000-05-18,18.267884836023402,-2.7499387889937728,-3.719309861938922,6.868592963174695
2000-05-19,17.837682612759984,-2.3767853466816145,-4.272643409373753,5.443341436654142
2000-05-20,18.748221069499177,-3.6895005100129543,-2.7583452964634567,5.809774982880979
2000-05-21,19.674549356943587,-2.043091180182976,-2.707534779920029,7.125037596027871
2000-05-22,18.8168622912709,-2.718082283933052,-2.9589554494005936,6.600518748181295
2000-05-23,19.260802047079068,-4.147826917852893,-2.0769999709869684,5.351280152828182
2000-05-24,19.44226894934941,-2.114289457857837,-2.448085709218385,6.96490139783421
2000-05-25,19.34761723796051,-3.1679399879547914,-3.9842849045776205,6.024632629907093
2000-05-26,19.940116761889122,-2.043928599709557,-3.5144856303581165,4.901477066159584
2000-05-27,20.1891659906453,-1.9190500804916217,-3.9389260619152755,5.707038647705111
2000-05-28,19.012359503430513,1.2246006839730752,-3.749278759217743,7.025767555921199
2000-05-29,16.940717473957324,0.2595833045089502,-3.2729264639635756,8.132071707750002
2000-05-30,16.512164128887726,1.4030882465013153,-2.133500138623152,8.013068658745532
2000-05-31,16.348961168845197,2.2767208620953854,-3.6676072835821465,7.195248905370024
2000-06-01,17.62597408532975,2.1847699930716913,-2.4999818888854186,8.054115332586894
2000-06-02,16.638309501308665,2.427709709318984,-0.9255620770131581,8.92464694668619
2000-06-03,16.343526504833434,3.553781167475998,-1.8032325159603753,8.39555520683817
2000-06-04,18.53245074651226,5.189132753333647,-1.1735910382613461,9.079989204323057
2000-06-05,18.922536497728565,5.604133456727335,-0.6970957379221533,10.304096210771213
2000-06-06,18.735265151756064,6.249280432138287,-0.19034671703329242,8.869944841054831
2000-06-07,19.836281752158186,5.855968159232829,0.2128266307021402,8.34549577262569
2000-06-08,20.559100710575137,4.46589672867437,1.1455649850817762,6.777378696531428
2000-06-09,19.69255515609928,4.971714596674014,0.9011595719251194,4.992612738659541
2000-06-10,19.422027647512568,4.562031896525998,1.2929245628797157,4.284328070252263
2000-06-11,20.25040127817239,3.6672656942108737,0.935324990029269,2.5378043871630176
2000-06-12,21.41833306070316,3.7045340856140023,0.9895995849436422,1.9504270779991684
2000-06-13,22.206625967478022,5.027070034055575,-0.36790092481014225,2.984449820442893
2000-06-14,21.95193574732788,5.3922571015143035,0.9897487015191241,2.9406311633701097
2000-06-15,21.992800972049668,3.271646542449098,0.9038554047858409,5.209188979303679
2000-06-16,22.383535009008046,3.4142294450061907,2.8572380387434047,4.062588690036978
2000-06-17,21.97922557419147,4.114672941828021,1.8208428350822041,4.375992202683526
2000-06-18,23.06717477829872,4.468642994925974,1.7041417573400037,4.834787961046734
2000-06-19,23.326090561442946,4.957908054746381,2.940730178862693,6.0461048102115
2000-06-20,23.494369448892463,4.312871357059374,2.3647808653688562,5.15154843893491
2000-06-21,23.76835686211001,6.679081471501252,2.2673127609365165,4.555734277207962
2000-06-22,24.951160433080354,8.13879655274557,3.5559223119201735,5.096416292880283
2000-06-23,23.85411866771295,8.183425527998374,4.128773760480887,6.422511573240961
2000-06-24,23.57075670795351,8.010451234421092,4.988031434364239,5.542925804901421
2000-06-25,25.046345810382046,7.359842335964455,3.1176159313155574,6.798917548399831
2000-06-26,24.72433102516794,6.737501846026264,3.3084909243979665,4.534451972284208
2000-06-27,24.616829759948647,6.38022267698063,2.0588532469342233,4.239740905342586
2000-06-28,24.78015975586503,5.60892543295275,0.56894709308394,2.1658485295974583
2000-06-29,24.427785496607264,5.341432533280925,1.8954560428889244,2.4003104859611857
2000-06-30,25.846812883094064,5.119883309574688,0.9103590679105886,1.7954650187294896
2000-07-01,25.414934247569043,4.794858314310291,0.8043975205652847,2.839679227540206
2000-07-02,25.471926050395158,4.625755053674165,0.9826958073963812,3.1850096978355418
2000-07-03,25.993810657008712,4.361995711661446,2.17751724026534,4.5122312584747135
2000-07-04,28.58252414652645,4.878984188887872,2.2092215060025246,4.329447092337896
2000-07-05,28.791759082146218,5.558503730748297,2.784746793262779,4.253124075940347
2000-07-06,28.85871301605221,6.509495342243299,1.6943059861381293,4.705939516442102
2000-07-07,28.4569926665464,6.435406118186537,1.6901114350884112,5.401196156210734
2000-07-08,28.66120236625923,5.551981057057468,1.1621260483798912,6.5450010543635635
2000-07-09,29.19564756690245,6.659216211505167,1.8522351789370042,5.328552219049314
2000-07-10,30.308677058383708,7.052488040689512,1.2842796432252093,6.268666913157543
2000-07-11,29.91836103028069,5.2566255286219725,3.1183405735531577,4.906844941555843
2000-07-12,30.17336328848111,6.289940900542323,2.8902944581119416,5.269931863926778
2000-07-13,29.77134269083389,5.96196404843585,3.238889035313176,3.589904021417092
2000-07-14,29.14190114384767,5.732874628193912,3.545667258734528,4.329980963368992
2000-07-15,27.79540590443266,6.379487261498522,2.7500717558198238,6.2555001995489
2000-07-16,27.72316883862916,7.50678417678924,3.141720000841232,5.771685948188
2000-07-17,30.633299666671785,9.25647232172874,2.8600779577195965,6.250782824661363
2000-07-18,31.98049181823963,10.054290072275483,3.513375046489668,6.79061474932367
2000-07-19,32.73634648241025,10.398177919889287,2.7837782372728226,5.901150654649823
2000-07-20,32.643196571002484,9.867941666170754,2.70525301667247,6.327345328954629
2000-07-21,32.933523726337334,10.540186969193325,2.9188589793070716,7.447314305238549
2000-07-22,33.11480605310728,10.827235374368295,3.025717497278071,7.671280809302389
2000-07-23,31.779225058418096,10.198490001181538,3.468624988077989,8.850010833324841
2000-07-24,31.766665976567914,12.17181246769814,4.578884995241001,8.771965311890934
2000-07-25,31.361507338942136,10.953776453147261,5.909474771442481,9.939432226320445
2000-07-26,31.72332524003486,12.038396147734419,6.490972500585369,10.691406564059923
2000-07-27,31.374828407711405,12.442190636698472,7.658465267820995,10.392851687596538
2000-07-28,31.011508110823275,11.332121930618403,7.617512949256341,10.363128251716345
2000-07-29,34.98563865952238,10.792668505595987,8.496092766422338,9.895745475789811
2000-07-30,36.83073463762091,11.231650034416806,8.119331359226482,11.126285749104676
2000-07-31,37.251779020558445,10.7432045334545,7.394389421510553,10.644396199734164
2000-08-01,37.72960769938512,9.79547959931546,6.5131221926584,11.062547410062134
2000-08-02,36.936504421838585,11.345650942536949,7.786337132919703,12.020098729323163
2000-08-03,38.02622702107777,10.175610624947147,6.486046583845122,13.187240075077677
2000-08-04,37.455203530270325,10.13130699287068,6.770453832396772,11.827129892902121
2000-08-05,39.494249905950085,10.373253646158892,4.504426510696332,13.430774868147873
2000-08-06,39.49926165118446,10.528110950512277,5.68833613292707,13.891401673604962
2000-08-07,39.11573653577655,10.4530192077241,8.258297749661978,13.215987439116073
2000-08-08,37.49672527887863,11.453496622298058,9.86548823967217,13.750971536562792
2000-08-09,37.774636138400105,11.423159275699973,9.249799469941342,13.059365967620073
2000-08-10,38.17609643452776,10.070907649869458,9.385694819160864,12.623681117559988
2000-08-11,38.44342584863581,9.124627782890961,8.018032685168386,11.39525854110291
2000-08-12,39.41106048017329,8.230157223999644,8.370438469782762,11.293699439526442
2000-08-13,39.7845773836313,8.390621079550774,6.981070042678246,9.966086489402283
2000-08-14,39.121146258323066,6.796041917009802,7.6838714791356475,10.494268886734028
2000-08-15,39.268227758892806,5.780419372789579,7.663340719712258,11.288398049939934
2000-08-16,37.72060779540727,6.340363158501051,8.413330869047211,9.51637085468065
2000-08-17,38.77009550414159,6.027097774045719,9.591272589266307,9.185536549188123
2000-08-18,38.57622421425325,5.640852750701436,9.159238799756592,10.311564300539162
2000-08-19,38.847253125770564,4.336237938303007,8.870053871902877,10.388387015826954
2000-08-20,38.382060166626715,2.6212990906943325,9.357002568826791,10.697594708491629
2000-08-21,35.73326027783787,2.001176144960381,8.999964326511769,10.324931712979682
2000-08-22,36.739911831251234,0.3604878753916285,7.479666620066391,11.652900158779781
2000-08-23,36.72218684034369,-1.3055754743201384,6.907732301645186,12.634258190074364
2000-08-24,36.16684185711721,0.33278285848921385,7.80229360497495,11.817010139724648
2000-08-25,35.070291586157275,2.14088752853207,6.9467278956813105,12.418353070182834
2000-08-26,34.475329532199495,2.279410439143043,6.444571061950658,12.873940603012157
2000-08-27,31.960488613288213,1.9166345906529993,7.474116018765667,13.32186892207797
2000-08-28,31.710543655771055,0.18120336255688452,8.725374268959916,13.06880198703531
2000-08-29,29.95807521508642,0.6114576897369423,10.230796307882288,13.450343916168
2000-08-30,30.016441090430366,1.2185619805015326,10.145802928689054,11.494166015101626
2000-08-31,32.500271934777324,0.3609385480117241,10.393362026609365,12.311107838645581
2000-09-01,33.20491978759935,0.4700242304659535,9.303220444485202,13.49679141610539
2000-09-02,33.49805024828469,-0.1342046754726745,9.434440102975113,13.114269352998368
2000-09-03,34.4438709841626,0.10090541110064224,9.06068293917279,12.467708788020138
2000-09-04,34.06150002629826,0.06553858552295888,8.887175786699249,11.806846345508802
2000-09-05,32.06330344376286,0.8315152563883274,8.137492720254775,14.302647285080551
2000-09-06,30.339837326838833,0.6351347601895221,7.551797982332943,14.414479550896033
2000-09-07,31.378108104268307,0.44347914275805755,7.666528697178021,13.969929693044637
2000-09-08,33.791284937876824,-0.7881231959698936,6.558745084024593,15.006986925023114
2000-09-09,34.558146955221595,-1.1719668323490078,6.680293553655274,15.484350354753488
2000-09-10,35.61289880445455,-1.1315351925101813,8.041323827777624,13.551703801063269
2000-09-11,34.87595194061237,-0.6825942233819361,7.875403477714975,12.484151161408299
2000-09-12,33.1288415718982,-0.346455913758927,8.32457279326687,13.082188986756368
2000-09-13,33.10788151524719,-0.9355578658062471,9.387104998286079,12.555974388270037
2000-09-14,32.80774078283083,0.14858486266737514,9.199238143873599,12.330410556004189
2000-09-15,34.09677685889731,-1.1453270640121884,8.321373586575216,12.48601386323279
2000-09-16,35.05984430126568,-0.12862714063546243,9.266377908060402,11.346907305904818
2000-09-17,34.76957460968674,-1.5124885339185894,8.342160372543077,12.155951875769414
2000-09-18,35.84670059963178,-2.171739590173968,10.19588977210403,11.415595621567517
2000-09-19,35.47510250183504,-1.5278846306738005,10.958720882438303,11.919483223142006
2000-09-20,35.852899169793325,-2.3711616868217216,12.460905631148778,12.885642064586722
2000-09-21,35.48527107587432,-2.647224975716422,12.397260182118158,11.822326538656213
2000-09-22,35.395598444352295,-0.929907471515955,13.166727048295625,12.113881355703336
2000-09-23,35.80050540481034,-0.2958664879701173,13.586482516430433,12.992415377544688
2000-09-24,36.50955078743979,-0.25576723210790114,13.560305734390703,12.605780869852463
2000-09-25,36.92428312036557,0.2432651769296506,13.87154390626966,13.075553929846283
2000-09-26,37.298693182244946,0.43884566192333363,13.370089610670368,10.557088929537926
2000-09-27,36.41510928167543,0.6778067586535071,13.42095913643964,9.596716071251617
2000-09-28,35.60555720156178,0.744474294977116,11.153833279803715,9.689002675755468
2000-09-29,35.07022125831369,1.720007436062874,9.703191210892609,9.218073227391923
2000-09-30,35.98991801640788,3.1189911989075676,10.865825133446888,8.237239705527605
2000-10-01,37.37452614568825,4.484821389215491,10.263377683903581,8.904833695460889
2000-10-02,38.15303200270728,2.295565677061039,11.416316230178731,9.056093474302227
2000-10-03,36.11183969444436,3.037360180465265,11.626808900495414,8.437317666984322
2000-10-04,36.58209189973972,1.6307623190652891,13.133085465310536,8.841546256793858
2000-10-05,37.81683535478972,0.8755220158686069,12.4087190302822,8.708697228914279
2000-10-06,38.36294228238532,0.647193355631036,15.052235589989245,8.911000961504776
2000-10-07,38.307148492799165,0.2702377394762153,15.863224765790687,8.893786330434052
2000-10-08,37.94483546630113,0.7909160215290376,16.15689479796316,9.320000696620326
2000-10-09,37.15723699285575,2.1795884392243705,17.288898959065378,8.910213503936404
2000-10-10,38.36659914053751,2.760061974558408,20.13610610142822,10.655473372222309
2000-10-11,37.315328833539674,2.360258232365836,21.756617446363144,11.071070414234985
2000-10-12,35.996504613394016,3.640604053644091,22.072744548596592,10.920496994124104
2000-10-13,33.89943556698953,3.8661529375110106,22.56396658017459,10.802331046301507
2000-10-14,33.286503188584994,3.7031970299717445,22.10915413296098,9.203455460243932
2000-10-15,33.601732077962666,2.6069187481109086,22.726242247217424,8.986306578130929
2000-10-16,34.50706131860359,2.5588115382887366,22.292308862548886,6.414431852329887
2000-10-17,35.31717062452102,2.8118880100999073,21.79624155074858,7.1020952548275424
2000-10-18,34.144307553889064,3.733129563369828,22.327343087632805,8.60754924260626
2000-10-19,34.41081046306917,3.6372694020113663,20.37860982613294,9.009132624920666
2000-10-20,36.173311532061426,5.018525127644976,21.769790543641655,8.76190046721109
2000-10-21,34.852166385110316,5.7311682977961595,20.262105584121493,8.916807189395941
2000-10-22,34.490571767907674,6.968326099968128,19.38857733527789,6.802170811857163
2000-10-23,33.76390647705168,9.063543221249143,18.954103648334414,7.804843948575398
2000-10-24,34.39665583324358,8.484660075223644,17.447300969694773,7.581749647252134
2000-10-25,34.569609467544645,8.488632188096537,17.985610797868834,6.9102659886243
2000-10-26,34.82190009033661,7.8673596038026234,18.04136077121621,6.0745756313378
2000-10-27,35.15484653124595,8.525762395354,16.808433770131952,6.595700698536728
2000-10-28,36.411166963058555,9.714392388973662,15.367600731556388,5.451861738142281
2000-10-29,36.485925646365246,10.99809678154533,16.634746272173075,4.597286439211972
2000-10-30,37.64677546970969,11.463203570524904,16.354814545768843,5.685469735016202
2000-10-31,38.05704612588188,10.58429515299458,15.94487557136996,3.292870078281064
2000-11-01,37.83005101207433,9.28684434307883,16.00166753082728,3.61865824929399
2000-11-02,37.891740924761336,10.168329231555703,16.397307323685848,3.727026370078732
2000-11-03,38.26306624445583,10.871929095055044,14.693903378938872,2.103299230511389
2000-11-04,37.89550817748619,10.926206921069928,15.632346910315677,1.2245536784271116
2000-11-05,38.02668374272996,11.362823415088155,15.089226707246596,1.1771290770160827
2000-11-06,39.071567784123204,9.538093833995617,15.594896113226707,3.5382780188023775
2000-11-07,39.65231416240928,9.693467224624177,15.338970068727296,3.654817901145184
2000-11-08,40.616419593922274,11.05939604354734,13.953145479088935,4.230691403103413
2000-11-09,41.18840207317768,10.219567968805897,14.695857908759603,6.501599104684303
2000-11-10,41.25479373103224,8.896618816387484,13.429978335794875,6.016601695443166
2000-11-11,40.71910231926278,8.435531370532598,14.31495444154972,3.9380614386451906
2000-11-12,39.528153844511046,7.575063379013898,15.462136492466248,4.6164071461716025
2000-11-13,41.197866326681556,8.76739029111262,14.801375902562366,4.653762765156353
2000-11-14,41.96566683534919,8.213509446513136,14.36003316480396,4.63309784853975
2000-11-15,43.03014992841216,10.242916808520903,13.941177417455435,4.60581289515363
2000-11-16,43.27986045257409,8.420031878635697,12.6021079815418,3.4161575852582127
2000-11-17,45.019166353402326,8.85320895496563,13.288851159693657,3.1834733875282635
2000-11-18,45.207507897336534,9.220689177171428,14.68131125099317,2.5151642130696974
2000-11-19,45.0901172438689,9.169510446658366,14.291906135629132,2.586321333723447
2000-11-20,43.32054424041765,9.686774657702367,14.67074346785794,2.7516669134916936
2000-11-21,42.08306499358312,7.716080535367798,15.916209408771858,4.602991529495309
2000-11-22,41.551393352828235,6.831786313492286,14.843765822377664,3.3274733290981686
2000-11-23,40.61360485369308,7.313882750817849,15.809243257907239,0.9090810070997803
2000-11-24,40.62573051676878,7.233905994639796,16.983382757588334,2.7043823747971745
2000-11-25,40.12696786839089,7.145589140960338,18.828045683251737,2.493307801077384
2000-11-26,40.17576803243113,5.923496051941651,18.01491933300483,1.9625556544770912
2000-11-27,39.30082852736457,7.16437781467444,19.243759204058048,2.8937202166193607
2000-11-28,39.59554406437629,7.496228426247068,19.61635252995668,3.0093384261009466
2000-11-29,38.63617403551221,8.742521929413838,20.270873761969575,0.7453076024591252
2000-11-30,39.205291705171966,8.68321459537009,20.649845682615318,0.1029239376000789
2000-12-01,37.57905779277913,8.13396179695686,20.798987431058038,-0.7919041727362203
2000-12-02,38.144332052674365,10.129022678725086,21.203652366230873,0.5188264654738594
2000-12-03,38.265990484237626,10.544173308222675,21.62990895345206,0.6839689351255788
2000-12-04,39.23404358773324,10.563235898050914,22.572587721048325,0.08839071566507783
2000-12-05,39.11284528683275,9.550089559613363,21.635649852854378,-0.6638404758899333
2000-12-06,40.03079829325887,10.746350396957418,21.185910545805292,-2.500032701907937
2000-12-07,40.20864340238883,10.229950991929368,19.988875509408793,-3.4255730821446453
2000-12-08,40.482989985622616,10.452132374282101,18.188288198847374,-2.7467967556320314
2000-12-09,39.07564271009781,8.75153858838821,17.660736476775025,-1.552367756999341
2000-12-10,37.18450064121429,7.841448428585835,18.187002948357087,-1.8202106402756593
2000-12-11,37.8991199497908,7.272484518111703,18.096215195106527,-3.0244069058115635
2000-12-12,36.10761487923617,8.558399500190262,16.792608995538195,-2.0460356669598223
2000-12-13,35.86781469798125,9.26166123903275,17.77720654068593,-3.105230717908169
2000-12-14,33.1008488646243,9.210768717619766,17.34557035764118,-2.644929051539562
2000-12-15,34.51895974641984,8.842236041273795,15.635089747568482,-2.6411583190085586
2000-12-16,33.48257734309716,9.57916297200852,15.73458435643748,-2.1148290186323604
2000-12-17,33.92001590999019,9.130849044652932,15.707732569077946,-3.1740320356220013
2000-12-18,33.87669374120778,9.632665490645854,15.403878591573116,-3.7612138540685818
2000-12-19,35.30945888463286,9.921998605458525,15.660957689375955,-4.3410011243135935
2000-12-20,36.88216675839167,11.605165479360503,13.84078769797698,-4.432361137069151
2000-12-21,35.17956450328262,13.165052828684466,14.24559165204199,-2.892711598737974
2000-12-22,35.04714451694483,12.775095619370914,14.53560325198208,-3.4873725357319154
2000-12-23,34.92385500661577,13.054822416849046,12.402433315700403,-3.2705303116343387
2000-12-24,34.59660806951995,14.41610622516195,11.684053696701971,-2.456743515235916
2000-12-25,34.76385429607394,15.116290991857978,11.841328891237305,-2.763176320721587
2000-12-26,34.63019862686567,14.734141472922138,11.185045491574396,-3.587534915135846
2000-12-27,34.409160221781804,14.636609231907297,10.943611547201815,-3.841356121364816
2000-12-28,33.87610751949905,16.663932874363987,10.716567322283579,-4.063997568501762
2000-12-29,33.32351570650647,16.721685561109883,11.500245354632717,-5.466746037013349
2000-12-30,34.1780152719879,17.74698668490442,10.767467508569382,-4.098195737661632
2000-12-31,36.33325210307117,15.767259529044646,10.131601265985664,-3.816868411305365
2001-01-01,37.00332101192249,15.710305897124332,9.244570756066445,-4.096767551181494
2001-01-02,36.30083183513645,15.755776413145606,8.536472305002189,-3.2252430151572566
2001-01-03,37.25862216315603,15.95143837821293,7.57892535049907,-3.5360962884790172
2001-01-04,39.08133740251766,16.328354009723437,7.614255896820317,-3.500053140336164
2001-01-05,38.49313208297127,15.761858407444407,8.439495177557616,-2.7928461668910827
2001-01-06,37.91130671442789,15.622690432543676,6.876538261592266,-3.2022473030075553
2001-01-07,38.33358996218696,14.790867157935212,8.296237666998007,-4.083309960548672
2001-01-08,39.828878244977055,14.635379955271642,10.134525035954436,-2.7517496346581614
2001-01-09,39.8279449606314,13.193742926677917,8.996961138172331,-3.1876586059638488
2001-01-10,40.4292415487591,14.981220363138723,9.166104402569566,-4.890566322656801
2001-01-11,41.17660510188913,14.452417472943946,9.504309202408448,-4.77324166843121
2001-01-12,40.03453578916564,13.712300108159091,9.67319655142312,-3.765101841086183
2001-01-13,40.944875585353515,14.322403336186508,9.203993925528042,-3.9016704084497555
2001-01-14,41.22347412808923,15.27112551455083,8.520859049273929,-4.478178405168926
2001-01-15,42.06094008543479,14.08795074254502,7.110859487375087,-3.4989656292634557
2001-01-16,42.11425081273736,13.575176355938394,7.322054384996151,-4.166765619646019
2001-01-17,42.85745973186433,13.452725971545059,5.44316650164491,-2.1980479726518674
2001-01-18,41.59579010339488,14.257516771034172,4.26900587536267,-2.4742960282557065
2001-01-19,41.25567152036609,16.644533077014348,5.133383962206166,-2.646997528393074
2001-01-20,40.02589999051653,16.331852977964825,3.9054121881532806,-2.978089842558952
2001-01-21,39.3568152888172,17.085080063251443,4.788009222418931,-2.391281277994575
2001-01-22,38.6004205095116,18.481202230975054,1.2006006474826942,-2.471378224337454
2001-01-23,38.628339669381006,17.58884470393378,0.7740476604449884,-2.443619126776773
2001-01-24,37.68679819562785,17.946773043103853,1.5596285292001058,-2.183232809549365
2001-01-25,37.39071087364957,16.374776669886046,2.3058461381140862,-2.043921473446486
2001-01-26,39.31659456098382,15.888831857612756,3.9768999075135305,-1.3297757941530373
2001-01-27,38.760035384802,16.678499498042278,2.3439632279914395,-0.532419048778018
2001-01-28,40.228053168349874,16.949030589176466,2.63768777415043,-0.5414383417154617
2001-01-29,41.05030449810232,18.411982802824312,1.5154818756966981,-1.8049291285859526
2001-01-30,40.30729920659538,16.3169355610212,0.6444763630696955,-0.013906022353927128
2001-01-31,41.57315737117118,16.344366969776186,0.6543054009920974,0.5472682582733006
2001-02-01,42.391290042121696,17.08915120133261,1.8762759902514081,0.9370059149680118
2001-02-02,43.857353988278405,17.992286040141842,2.59398008273166,0.7573408732407945
2001-02-03,43.59736438332411,17.183990674265093,5.4145470473234045,1.8696457814036225
2001-02-04,42.55786091658317,19.184471873837595,4.408099515231081,1.9058311005493154
2001-02-05,42.41593527515021,18.73289017659353,3.1717861514644246,0.6305978975928423
2001-02-06,41.434121749128735,18.828336859021988,3.455917140673502,-2.619983473798418
2001-02-07,40.46518422924036,19.867153196942436,3.060032592417478,-0.9771869277814422
2001-02-08,40.277816986365785,18.775995704424066,1.6142440486906542,-1.711335173716861
2001-02-09,38.261744459894146,18.064000134459736,2.369364054226456,-2.441816678159702
2001-02-10,39.11211980830439,19.36060788913785,2.582186393031435,-2.0003179000702924
2001-02-11,37.7616942287633,17.823505496033047,3.552213726103364,-2.298702925047078
2001-02-12,37.89189105786084,17.901432777457458,4.676606401727429,-3.194242870443601
2001-02-13,36.85296686004277,17.566691028765227,6.410788877873606,-4.812201196255955
2001-02-14,38.45783124675529,18.070619353250805,5.020615649141092,-6.433683817009442
2001-02-15,38.807318734195725,19.423357370705446,4.021010813775821,-5.712325852053026
2001-02-16,37.53005674998839,18.45158780025102,5.277129397673037,-5.87340273847697
2001-02-17,36.41143392666132,17.903729479198,4.586790446189689,-6.287338206843886
2001-02-18,34.66814397929804,17.093925143679467,4.427936622306776,-7.852041926325042
2001-02-19,34.402961191080735,17.72044556333757,3.9691964061179825,-8.025677943950678
2001-02-20,36.891078085597606,18.694262217722166,5.002936795042496,-7.9190198785636445
2001-02-21,35.56462967002119,17.7448251171068,4.977623402104645,-8.87034839850403
2001-02-22,34.79394925073699,17.482673484605186,5.309897718398096,-11.031358558866403
2001-02-23,33.483401236639864,16.40689122757231,3.9974084592513934,-10.07976421359247
2001-02-24,32.10277368862954,15.583604306464416,3.9744189121739555,-7.7958782569814105
2001-02-25,32.8193341199102,14.091169037675627,4.566013647258007,-6.2467415478124675
2001-02-26,32.32765633205614,11.669686690708492,3.4819639081202407,-6.728849670492482
2001-02-27,31.75504298117412,12.985118422440234,5.542612555910489,-7.742712740116584
2001-02-28,32.44384903058725,13.572791364909932,5.586043757960839,-6.57260782830038
2001-03-01,33.48428587983853,12.857196999275303,3.407560706782675,-6.668152808651017
2001-03-02,33.698472562473334,11.166288015107558,3.5276330806251766,-7.614113215776349
2001-03-03,32.42415015028582,10.659329089364137,3.7080559843690035,-7.562440088897425
2001-03-04,32.62105211262765,10.31550587796059,3.1493470368969323,-7.532300758748165
2001-03-05,29.909977136913646,9.52084919549069,5.104867725797066,-7.152227025659516
2001-03-06,30.48969174921372,8.510661348957381,4.530987309781805,-7.949708388477573
2001-03-07,30.43687832524789,7.50017129569142,4.177039529276397,-8.303331227220905
2001-03-08,30.582916103202535,8.223988559297627,4.220865328542657,-7.7275799563041785
2001-03-09,29.363594882186202,6.264123607499497,5.687035949266879,-7.977284094091459
2001-03-10,28.90902405834195,6.506818876867471,4.875414449225505,-8.359561855911757
2001-03-11,27.865439023836384,8.062239339616871,5.540944228683738,-9.4321392007135
2001-03-12,29.377114276719098,7.292900225091804,6.637397671882977,-10.929705305182766
2001-03-13,28.821824703961397,7.298783749089473,5.8809311936234225,-10.689123685653758
2001-03-14,29.74475825017366,5.532984316566964,6.894284960904865,-10.335824664201661
2001-03-15,31.085417697095227,4.3281743648543145,6.230689037862544,-9.213639159965549
2001-03-16,31.054351657159117,4.12404418827086,6.6985820247474575,-8.58872943040496
2001-03-17,31.949197018782552,2.8732055599471034,6.3560723368417245,-9.05561219849844
2001-03-18,31.046750729358443,3.1072302419756728,4.924186587465529,-6.948755996577216
2001-03-19,29.54656275593142,2.458256758160749,5.485724016462234,-8.308321724625939
2001-03-20,29.865561738567862,2.833904303330431,4.405885658815974,-7.553913541821477
2001-03-21,29.455315357298566,3.020299302440067,3.6566881657230166,-8.973080705952139
2001-03-22,29.47877807559771,2.440090327232402,3.5351512501395805,-8.234018495246971
2001-03-23,28.454257242272522,4.175127979152735,3.299279045351522,-9.084179086062703
2001-03-24,28.655352653681405,4.3910076401779765,3.0370724107487685,-9.883165172214571
2001-03-25,28.64534459303116,4.067919127413354,3.4971678286845926,-8.384116460094328
2001-03-26,28.944208694079762,6.065754171598082,2.61998439590423,-9.634437224049256
2001-03-27,26.293664614662738,4.2412129012556035,2.7515248985065597,-10.544091097609163
2001-03-28,26.72642099706615,4.110694532692959,3.4189621918862674,-10.681421533920712
2001-03-29,26.17495603528879,4.7943820240785415,3.548921079548066,-11.546578782725247
2001-03-30,27.04390361664664,5.48192725264117,3.040463449985569,-11.198905697960594
2001-03-31,26.588245948924474,6.991028459317338,1.7301996707826022,-13.589161215828737
2001-04-01,27.643207720835914,6.904224103320763,0.18375427133990963,-13.36570275023943
2001-04-02,29.570971185535523,5.800853170752819,-0.35880335616548886,-13.127949460805896
2001-04-03,28.345662484715195,7.364547270352556,-1.6893793704185862,-13.553531152713129
2001-04-04,27.664974288555,6.227592356348043,-1.677952414161803,-13.364104506997231
2001-04-05,26.787992747402996,5.576290473942495,0.21474372445477652,-12.355854453220148
2001-04-06,27.00573793490472,4.735246037019741,0.706431302100414,-11.735978046924217
2001-04-07,27.323577586834865,3.9895631478559896,-1.4485547670600207,-10.55863706214217
2001-04-08,27.88412325505781,2.4992142901045127,-3.6150233593748364,-9.362226324746358
2001-04-09,28.47796054615296,1.771530362908433,-4.331534626880919,-9.465461238401106
2001-04-10,29.00615007435789,-1.4537615401509014,-3.712975893525994,-10.369871864954852
2001-04-11,29.070788628648252,-2.569997645709872,-5.18043381041027,-9.643860603759672
2001-04-12,31.110078528598887,-3.3563377416711133,-4.910951224530015,-7.683521642375151
2001-04-13,29.276517333728584,-2.8065544614115807,-4.027734496820224,-8.906073692427524
2001-04-14,29.151593304419666,-2.601377543049413,-5.702548600776177,-6.68561889865055
2001-04-15,29.538218213282732,-4.965590347523211,-5.797627505171658,-6.886357650775553
2001-04-16,30.916235163107462,-4.689703315169497,-6.2796861533721815,-4.872247077440489
2001-04-17,30.292065989762236,-3.63592463537088,-6.735513330407867,-4.345084856782444
2001-04-18,32.987376022675136,-4.101161848631724,-8.149018231081484,-5.703992691639162
2001-04-19,33.053296872783946,-5.021370977942038,-6.6448156332769495,-4.864712620321261
2001-04-20,33.3498497440924,-6.529295097945276,-7.354002020610295,-3.6273637528766933
2001-04-21,32.8335941018405,-5.930171116287548,-6.551641102894979,-4.832990987600775
2001-04-22,34.52462305149055,-6.3131545183897275,-6.522147578101257,-5.226255048623327
2001-04-23,34.13404260120925,-8.760215722959133,-4.534509906345859,-5.84520981249214
2001-04-24,33.49359873143849,-10.921393967473147,-2.093086386533889,-5.719339042336662
2001-04-25,33.53368637941981,-10.893806552385062,-1.5424173926270106,-5.1221456120725675
2001-04-26,33.04272293535962,-11.076445655733318,-3.220843648235951,-5.968642829548387
2001-04-27,33.229000901204635,-12.385525791179036,-2.1627622747568225,-5.183665383263244
2001-04-28,31.84512615030478,-12.781258166590204,-4.506466022552625,-6.167767282873094
2001-04-29,33.7093421702017,-12.77478405335933,-4.581387210745502,-6.6055039687301615
2001-04-30,34.46129596781203,-11.451043611548975,-3.845734805394129,-6.026352723469212
2001-05-01,33.60962555361772,-11.4241740998498,-3.457035789111673,-7.273960102935444
2001-05-02,35.03507006084115,-12.321763343837937,-2.0852023899617227,-8.408669396299569
2001-05-03,33.051303639561816,-12.799922129523289,-0.21372399370580863,-9.788109826014635
2001-05-04,31.713847340359308,-12.022462078759244,-0.6984816570436059,-10.26626286488693
2001-05-05,32.02294059523989,-13.011444941334991,-0.1571658954220816,-8.930219152773702
2001-05-06,32.743892476669096,-11.205628777832866,-0.703307649151959,-8.458217501204533
2001-05-07,32.713777354840055,-10.65808220003498,-0.667531136848302,-8.245602632945896
2001-05-08,33.8203374214425,-10.480969815175099,-2.0434228801902554,-8.123542473261644
2001-05-09,33.86338792280732,-9.538594011349899,-0.7776709076109731,-6.1808695578516755
2001-05-10,35.30433826518584,-10.93011835472876,-1.3778800536982154,-7.757905540155273
2001-05-11,35.275689711204905,-9.707497730425057,-1.6908648656646315,-6.946640735504233
2001-05-12,34.79420130739437,-11.096846364100434,-1.3820881664410731,-7.975495342925759
2001-05-13,33.09765933823769,-9.174675800369016,0.7829380229461755,-9.071458912296103
2001-05-14,35.192464558718925,-10.214385641209436,0.13054199970921232,-9.760705200665708
2001-05-15,34.62847466295406,-10.948042854299725,-0.06889232193434544,-8.732114096485816
2001-05-16,34.222047899226716,-10.166774979424178,-1.763975417345314,-8.596536493279798
2001-05-17,33.41564094172731,-9.617849953353385,-2.737923079918943,-8.338879434457555
2001-05-18,33.72705161633227,-10.872346745019854,-3.303976736540113,-8.385718930520788
2001-05-19,33.98635169136509,-11.046295992084136,-5.96241916861181,-6.046381200419772
2001-05-20,34.20599424671364,-12.025813854470305,-5.971774119178742,-6.343689845494541
2001-05-21,35.54664463348478,-12.423502061756581,-6.494030442683997,-5.721151332012543
2001-05-22,32.847747480474375,-13.04749850545407,-6.2083304700194315,-5.8174739206725485
2001-05-23,32.50134257245831,-12.345697430538488,-7.547229285411299,-3.6223535836590703
2001-05-24,32.85969220552697,-10.261444861244978,-8.161017255743044,-3.9645362929502896
2001-05-25,32.796213758825445,-11.063110354594311,-7.2999483131020675,-4.753928065466407
2001-05-26,33.47001673036257,-10.11177980849931,-6.741568692997069,-5.115746564138775
2001-05-27,31.501010555025445,-9.242051813148645,-7.519571241620561,-5.3283525256924635
2001-05-28,32.153460978242215,-8.591432184640604,-5.669278489863728,-6.283066041184139
2001-05-29,31.600999663929166,-8.633634978437307,-4.944395833253879,-5.824899918051577
2001-05-30,32.44600022839774,-8.729310086067064,-4.854216804968388,-6.31388530029996
2001-05-31,32.89647828145996,-8.352931303285605,-5.2779974630706175,-5.162700536519829
2001-06-01,34.184778510940475,-8.847128796325004,-5.911130077998329,-5.5737076443416615
2001-06-02,33.000275377359,-9.315831064064804,-6.735106777583629,-5.686772892860425
2001-06-03,32.85937499564958,-9.970942618191579,-9.141550405481743,-6.673712604555011
2001-06-04,32.567707810733914,-10.442998155084714,-7.9355313714260065,-7.392040760741096
2001-06-05,33.76478444805917,-10.484488233643154,-7.691339316649133,-8.732063988876613
2001-06-06,34.102271771011274,-10.77058002392136,-7.687677739237322,-7.278670103605061
2001-06-07,35.624271556852875,-9.640250169690695,-9.215097578857979,-7.29435538326516
2001-06-08,34.56173432048706,-10.603776669426393,-8.249962627187545,-6.336417766217748
2001-06-09,35.62836365132667,-10.589363449697347,-8.147169190632818,-7.452765375880994
2001-06-10,35.973808638613924,-9.870901552778086,-8.44708038224662,-6.726301538361055
2001-06-11,35.67945035660082,-9.108088000896437,-6.890703612927309,-7.326406320767817
2001-06-12,36.21468805088657,-8.307469086672288,-6.6955893242264795,-8.04921189074808
2001-06-13,36.75172895217632,-7.547056587148731,-9.018498883064307,-7.618862184498446
2001-06-14,35.78642100288304,-6.2932546198497565,-8.958379341697704,-6.89852324021279
2001-06-15,37.86105114987953,-7.560074021171912,-9.124385651074215,-6.474279527547708
2001-06-16,37.53238082607639,-8.079753401225181,-10.218367061921974,-5.950329460261574
2001-06-17,36.20735143845878,-6.8941401227166335,-9.630041430963812,-7.78792846564898
2001-06-18,34.85382566658817,-6.505471465251527,-9.814291852926829,-7.598032401638266
2001-06-19,34.742727750383516,-7.103060653816648,-9.31663574888495,-8.32084696643113
2001-06-20,34.58128529708591,-7.898872464025885,-10.217489672808222,-8.577032290332548
2001-06-21,36.02201996981544,-8.657073316675753,-9.503103385863124,-8.175557839830592
2001-06-22,36.15189239750738,-9.543427853665513,-10.366252353541434,-7.568797453608748
2001-06-23,35.352942397989594,-9.997127813328095,-8.557899528868496,-8.210653664969449
2001-06-24,34.34635384385605,-8.421838641066325,-8.390699323618122,-8.662896080895061
2001-06-25,34.256531364725106,-10.738592123709221,-8.590918059515316,-9.279222724898046
2001-06-26,33.689366500204045,-10.22248662029288,-7.92192571670399,-6.49141229858294
2001-06-27,34.51653620675088,-9.653632237177112,-7.781339988709213,-6.202234937691829
2001-06-28,35.03935635751246,-10.642612513162888,-7.526625008588206,-7.658708654941631
2001-06-29,34.399651282997816,-10.169146683456267,-8.891241604610755,-8.88481551423569
2001-06-30,34.31979608517826,-10.557634943445514,-8.245841962821165,-9.27623841529243
2001-07-01,35.01989854039749,-10.667792337765174,-7.860173358248891,-7.600532472600329
2001-07-02,34.17511923430052,-8.598392826203625,-8.017247889161979,-7.117556173352974
2001-07-03,34.66129928046744,-8.489593263748064,-7.889613036277531,-5.78038359398653
2001-07-04,31.348516037866794,-8.212323561948917,-8.29321579093159,-6.00955175818236
2001-07-05,32.59193776240855,-6.67905012686885,-8.23790407380066,-6.954685838525598
2001-07-06,33.39524739903096,-4.475766908534336,-6.786533432096473,-7.009823340665875
2001-07-07,33.28173102866116,-5.111247183594393,-4.979608174617887,-7.8587282424867775
2001-07-08,35.242542504230784,-5.837788804675023,-5.411156010243481,-8.095743549246308
2001-07-09,33.4506329888006,-4.46337123816634,-4.379381936839533,-8.291161940006672
2001-07-10,31.758375852379224,-3.7272078372984505,-5.953897662060647,-8.289942821292811
2001-07-11,32.822687369782436,-2.5375023676108426,-6.52025037602883,-9.230393338841802
2001-07-12,32.613562856361064,-2.848071477797408,-8.290498142831877,-8.855171386047443
2001-07-13,32.04449719314727,-3.741209785352545,-8.513492733070947,-9.853421109807432
2001-07-14,32.21802858576749,-4.625887234343027,-10.163304801373997,-10.09926461975051
2001-07-15,31.30164408421923,-4.156662688437994,-10.710074170732769,-8.668402651701264
2001-07-16,30.32765353649177,-3.3919532477765157,-11.469065588045918,-8.93245017960254
2001-07-17,29.403918590482807,-4.908765564161634,-10.328604804368812,-9.110333185774765
2001-07-18,28.088317404878538,-4.227085904456599,-9.216972267771688,-10.785986556334235
2001-07-19,26.294394806151345,-4.889728015906338,-10.335475745068276,-12.645542199747695
2001-07-20,25.00115560115517,-6.098035102520121,-10.98369641760537,-10.717941934999033
2001-07-21,24.733100125583125,-7.48073929762399,-10.11932280599203,-9.902811977149733
2001-07-22,26.64996866343983,-6.8513894786426714,-10.039911514116286,-7.907700348512341
2001-07-23,26.52027574876477,-6.3193905229600835,-9.930220960557966,-8.941928649244211
2001-07-24,26.19990044609512,-8.134914942777002,-8.689737225069921,-7.357148482766304
2001-07-25,26.184092483100542,-8.173732999986356,-9.02430647879482,-6.432925102836889
2001-07-26,27.079688176987084,-6.3573598554131685,-7.140046964634519,-7.638671207339188
2001-07-27,25.09747492006218,-5.98778851968147,-6.431107846281133,-9.445340041399723
2001-07-28,25.500303687059755,-6.760712103700895,-6.7651203420571075,-9.84604187335192
2001-07-29,24.955082029142364,-7.33797501078392,-5.242102163486895,-9.521703957828393
2001-07-30,26.004228031538453,-7.082039031612871,-6.546365980545174,-9.063655822203737
2001-07-31,25.30469224011699,-6.513510919620809,-5.3248498675579325,-10.90848570457541
2001-08-01,25.264475130628934,-6.567000430423972,-5.882790236342578,-9.464221388773606
2001-08-02,24.333891365448594,-7.857398448062749,-3.840386118706886,-9.669886713211202
2001-08-03,25.42593011251616,-6.321753354796138,-4.764721758312171,-10.029084656006306
2001-08-04,24.31819118881659,-7.101227068841225,-4.728124306081192,-10.720599979718243
2001-08-05,25.168657661458457,-7.239190042567082,-6.155698050344375,-10.123989150349544
2001-08-06,24.55364053289544,-8.753381193843191,-5.225626239759299,-9.497848216090476
2001-08-07,25.609295986843847,-8.905590640511493,-4.952078140270767,-8.929822970802567
2001-08-08,26.456397613362867,-8.204545158742254,-4.729739653791877,-8.910025534804747
2001-08-09,26.279544250131206,-7.481470495044469,-4.785635133173248,-9.93600406099191
2001-08-10,25.467977639518047,-7.507274154755834,-4.396811080247654,-10.263598273677943
2001-08-11,25.760303541749124,-8.540542140798252,-5.81064589677104,-11.048332166488743
2001-08-12,25.21096958505736,-9.794318881409795,-5.634518822119189,-12.30079669188033
2001-08-13,24.58429320236916,-10.050919851532612,-6.7533218212553034,-13.166279300021678
2001-08-14,24.223211334051364,-9.868845872172024,-6.019602526036052,-13.517189753815
2001-08-15,23.697587410046925,-8.03288635428559,-7.112320492110293,-12.950342699145084
2001-08-16,22.809537557500203,-7.3228613338549655,-8.532682962032448,-15.257007379104813
2001-08-17,22.190329517591042,-6.774460959453986,-7.344813679799112,-13.991568199534466
2001-08-18,23.06140744358094,-7.638558998841418,-7.563406100267178,-14.688557909108377
2001-08-19,24.530043463824242,-6.499507662444874,-7.830611637715663,-14.7190246751366
2001-08-20,25.826390518217405,-6.7149575122986604,-8.332021386612203,-14.56463033845511
2001-08-21,26.953045926445736,-6.418379794105147,-8.188917827789847,-16.014703955978305
2001-08-22,28.520698862710365,-5.748854199623684,-9.56683252719327,-17.093917879165268
2001-08-23,30.114837519767356,-7.202461682447858,-9.776402650528695,-16.003763598448423
2001-08-24,30.443245516724115,-7.484581819645592,-11.702778164694868,-17.663215286196486
2001-08-25,29.864622219503786,-9.33827528444202,-11.748523661359524,-19.499976950853338
2001-08-26,30.787668957231485,-9.175786453200004,-11.52655093524006,-18.5167548308404
2001-08-27,30.26793153171906,-11.72320210905389,-13.204469287961734,-17.976361293858282
2001-08-28,31.28717919783723,-12.263916367547047,-12.349988440371204,-17.302792180559116
2001-08-29,32.125752549896454,-11.386660224402956,-12.281793518882688,-16.535827865098447
2001-08-30,30.874163145497082,-9.74666825991893,-12.24851539737362,-18.366003986138185
2001-08-31,31.659376036538692,-11.158060444237096,-12.105771514345967,-18.739425040925656
2001-09-01,31.776611665852656,-12.596134556486906,-10.99529348661324,-18.01251882747898
2001-09-02,31.6871570433314,-10.697349170293869,-11.400910478988624,-17.377103871648384
2001-09-03,33.05930758261596,-9.954572207451823,-11.987109439598047,-17.061757034497482
2001-09-04,34.098451673110546,-10.056763740632702,-10.582243573451152,-16.965541807153887
2001-09-05,34.31205175345289,-11.929134088959923,-13.689762666448205,-16.91069808242279
2001-09-06,34.82975572924143,-11.969071919959374,-12.76678569647287,-16.73453191176863
2001-09-07,35.50629747750065,-13.30629315538034,-13.363386524987877,-18.312670112422865
2001-09-08,34.71168176968642,-14.009203265063704,-12.156856505273959,-18.69425985807075
2001-09-09,36.42696499123828,-13.518229711856586,-13.222549782875495,-19.643489718727814
2001-09-10,35.88440677222542,-13.58988225466458,-13.23353596737231,-19.0364103225397
2001-09-11,37.00172347913518,-15.722342022455305,-13.999915619071833,-18.49024495062622
2001-09-12,35.70544519643047,-16.67219356808495,-13.341002516482943,-19.788184723301296
2001-09-13,34.152940994517145,-17.309470648317642,-13.555853066398685,-19.297694310307552
2001-09-14,32.67586526684989,-17.107437028982478,-13.993768826058256,-20.498976986971666
2001-09-15,32.92394312362269,-16.720708950872183,-12.920510164068423,-22.558162083979482
2001-09-16,34.42443751332412,-17.340628275534506,-9.893205711457755,-22.260949510490736
2001-09-17,34.98763172744313,-18.66576668740959,-10.758115690360203,-22.139731514957226
2001-09-18,34.80143770030687,-17.572546444465953,-10.82853251844843,-21.19498876900704
2001-09-19,35.65829208319834,-18.25477281924266,-11.110331887710075,-21.27937285703825
2001-09-20,35.927832475393956,-18.553377915991835,-11.285682051926155,-21.761729316348514
2001-09-21,34.34873439618212,-18.63412986917528,-11.10823467999705,-22.863029334385658
2001-09-22,32.833237142709066,-18.549929510367978,-11.24081288556348,-22.140433762780834
2001-09-23,32.32631462051608,-19.860992026037046,-13.727882957342423,-22.720122037576772
2001-09-24,31.543814050271727,-19.03271256402713,-13.437257005978998,-22.86511097859977
2001-09-25,31.056621699194228,-19.301532746020854,-14.820201812297995,-20.932698188075538
2001-09-26,32.0850976801177,-20.277807131168352,-13.908078140687504,-18.83403261309311
2001-09-27,32.43730069702198,-20.339906729483136,-12.138050354704252,-18.52452530326002
2001-09-28,32.46216706529666,-21.148418538219808,-12.08970836936348,-18.135994155985134
2001-09-29,31.05222782385958,-21.253921879466205,-11.789548298713632,-18.0456597983219
2001-09-30,30.964372496393196,-21.192052165816285,-12.465841357507445,-17.49940151475949
2001-10-01,31.20958520746212,-22.104043681572925,-14.382339439830483,-17.359555741991507
2001-10-02,32.724203210838475,-22.842397597487842,-13.561534653685012,-18.332791570759117
2001-10-03,34.05116533425648,-22.776248777971468,-13.524525593316616,-21.011190650216868
2001-10-04,33.49115347113609,-21.105955769351375,-11.49464028623507,-23.319844567973963
2001-10-05,32.254796342773595,-21.214088279394954,-11.065045864723194,-23.23751032423026
2001-10-06,33.86811179322635,-19.85675578156544,-10.04575187311614,-24.28057556076753
2001-10-07,32.77172695746794,-18.756990530656726,-9.534774108859285,-23.599254846989098
2001-10-08,32.56050775605,-17.616676447523712,-9.872134717832122,-24.597816276287737
2001-10-09,31.92188958114505,-17.209568979796977,-8.105137743212378,-26.06337541962201
2001-10-10,31.651937719454306,-16.220233907028646,-6.316575129386518,-26.54453892171715
2001-10-11,31.566989621781087,-14.062450464412944,-6.937399436506288,-28.360682154983998
2001-10-12,30.88148042973479,-14.084572595081122,-6.359727279185798,-27.732898395210476
2001-10-13,31.38600360902149,-14.926728554925203,-5.449126788415754,-26.52580890094974
2001-10-14,32.09110135438533,-14.415158422195702,-5.84011790437054,-24.74091084622383
2001-10-15,33.18356132628421,-15.067506935226143,-4.91337949963264,-24.844337914745278
2001-10-16,30.92592078626358,-15.906530160393752,-4.878293901129874,-24.658486206575386
2001-10-17,31.684975011116084,-16.976335630203586,-5.803083388662363,-23.245841633322748
2001-10-18,31.25086589613062,-16.03189452037123,-4.5096729020715784,-22.325909014113762
2001-10-19,33.087756256941795,-15.380976835056098,-3.419210546394546,-22.048955315861658
2001-10-20,33.13892128624886,-15.715608591253922,-2.866674710655232,-22.046555126101445
2001-10-21,33.61430186316101,-14.17863624570581,-3.5605083893370963,-23.254730396609226
2001-10-22,32.47984907696327,-14.196968295124787,-3.401280559513879,-24.63012409305092
2001-10-23,31.819577499491636,-15.388684313048843,-4.881790597648651,-26.11028780595059
2001-10-24,32.45176989326283,-14.793490323488195,-3.8630869443187295,-27.047779486056843
2001-10-25,32.83836931288093,-13.256282410087305,-1.8711003235409631,-25.887590456591663
2001-10-26,32.3733198031406,-13.329233878029115,-2.2853495504180814,-25.497459473813898
2001-10-27,32.108720268748925,-13.109946674410901,-2.714449975463662,-23.873672767860484
2001-10-28,32.48228661888487,-14.468915043937711,-3.4254288622412625,-24.044509501964896
2001-10-29,32.785795266896606,-16.050302456880296,-3.211754130307274,-22.80912863854594
2001-10-30,31.70459364277336,-15.166840836204049,-4.631609359761171,-22.604049492045267
2001-10-31,30.709474812412186,-16.342589388158835,-6.192231578437197,-21.57573731053245
2001-11-01,32.49387309858595,-15.761172197087049,-8.246192786856955,-20.166070870691684
2001-11-02,31.443036832278185,-14.21809687792082,-8.783405441080928,-19.76548501610031
2001-11-03,33.945433074766385,-12.696093421514725,-8.2104271351218,-17.038074779533577
2001-11-04,33.94909475839193,-13.280903842240564,-7.004156094726078,-14.937338413745643
2001-11-05,33.85818162317094,-14.654720076178247,-7.926963228178154,-14.7959322930179
2001-11-06,34.66855484712468,-15.28344090289455,-7.184578587657285,-15.555261074032074
2001-11-07,34.3063743110093,-15.361393938292425,-6.218267796535571,-15.756697609208276
2001-11-08,33.69061605319285,-15.577153075355223,-6.921688806276341,-14.719508761303254
2001-11-09,33.865008991916305,-14.419920111969228,-7.225740570144271,-12.713402390590911
2001-11-10,32.93467129628763,-14.994257237318685,-6.988364866316089,-13.083798022773955
2001-11-11,32.63853272969929,-15.460940199174148,-6.561128905828399,-13.866085847908078
2001-11-12,31.52979244235949,-14.638196326568856,-6.498984783679118,-15.240346330879865
2001-11-13,31.708923890363682,-14.096503667097439,-7.800943894630286,-15.028655461455296
2001-11-14,30.824230333694533,-12.972266886230885,-9.641087859911089,-14.749772711102505
2001-11-15,31.12097952077563,-14.293948787098024,-10.932247830030155,-14.077204416593155
2001-11-16,31.740601113228042,-14.167578059812794,-9.393258457533246,-13.701822265033595
2001-11-17,30.263346127016437,-14.48068726274193,-10.535655185249258,-15.11784979271158
2001-11-18,30.644818124416748,-14.979642522930039,-11.20332256853489,-13.09199396666945
2001-11-19,30.090066607476306,-15.519082168166682,-10.939030884854906,-15.45469247353822
2001-11-20,30.416244917139664,-15.359355162215017,-10.575326371880093,-16.159834737090087
2001-11-21,28.446221984654372,-15.033778336569661,-11.27321450625212,-15.300054418991673
2001-11-22,29.671281900332303,-13.698374643649572,-10.535538335193785,-14.952599027100984
2001-11-23,27.409149107635066,-14.62521164624613,-8.856866994193357,-14.563846490107878
2001-11-24,26.759444198763404,-14.063504838902697,-9.298987203361818,-13.222069964712952
2001-11-25,27.527227333808135,-14.353105756324794,-8.399196899466958,-13.082807447506118
2001-11-26,27.27450645362412,-16.82177187569795,-8.40326616510336,-13.90922445031847
2001-11-27,27.513281484374453,-17.555628400144023,-10.965956125746647,-14.619867019505872
2001-11-28,28.684893265144062,-17.276958599666663,-8.672302308210362,-14.346500440356543
2001-11-29,27.89893144991852,-17.82667416507173,-7.053597332211171,-14.31771675066643
2001-11-30,27.321453792391132,-19.34508768251289,-6.872120363532597,-16.3621929994042
2001-12-01,25.080106279474506,-19.27316095968312,-6.5334123247359654,-17.6783015105845
2001-12-02,25.008184115253698,-18.67112920312287,-5.842937035957618,-16.607793775281838
2001-12-03,25.964977892273623,-18.61403537235942,-5.97263146975244,-16.21753882581989
2001-12-04,22.874883712514944,-18.910226542106816,-5.720249020637294,-15.987378509791592
2001-12-05,23.45035603420581,-19.236148981136495,-6.366865872398099,-14.689436166186063
2001-12-06,22.51973799010512,-19.543756882227733,-6.332287723292422,-16.050185423611065
2001-12-07,23.827638577174415,-18.099007669446586,-6.444903515662449,-14.499616907827788
2001-12-08,22.692526176144177,-18.931693611894712,-7.114685223069682,-13.56457586403105
2001-12-09,22.91871325178442,-18.262779198609522,-7.66835155832846,-12.389903086791874
2001-12-10,22.393856447586398,-19.696709686576582,-5.6260519143362515,-12.556831460755701
2001-12-11,21.67016679518782,-19.678462702196672,-6.560841597187691,-11.20712866906517
2001-12-12,22.179990049441976,-20.51379342607675,-6.146188745686302,-11.629764725898434
2001-12-13,21.41622074890907,-20.933632034081313,-7.686717906267225,-12.173402552072245
2001-12-14,21.384527811308907,-20.039238480346,-6.155456009281052,-11.3730692099558
2001-12-15,22.090900520759448,-18.61682278035797,-5.916822654797422,-11.256508991546422
2001-12-16,21.618880067069004,-17.71836857088643,-5.753492180581496,-11.345114453883346
2001-12-17,21.32462122514385,-17.919829472717304,-5.58472539041431,-11.743811810063614
2001-12-18,21.33710479475235,-16.895958807864634,-5.013977850052503,-12.171541535581417
2001-12-19,20.432899474622204,-18.077033420036194,-3.860327421055845,-12.613446712746766
2001-12-20,22.41015435646809,-18.71968857865356,-3.1570895804071437,-13.515381976202296
2001-12-21,21.267597440424602,-18.60719673834652,-1.19423793101247,-12.83509128439984
2001-12-22,20.470881342955757,-18.628442396499732,-1.7640390810568558,-12.452650335903847
2001-12-23,20.964975168184658,-19.091261590948687,-1.2367078697808855,-11.720216775661036
2001-12-24,21.156580367333465,-17.358942038221915,-1.210173082141072,-11.609032126349476
2001-12-25,21.158129544719138,-18.881719191536444,-2.4092276007141202,-10.110716285700882
2001-12-26,19.8431418804059,-18.98139201390622,-2.2455511282926093,-9.957935703897126
2001-12-27,22.39440261246198,-17.528362181970035,-2.3361405194560216,-8.48219634106457
2001-12-28,23.270186364245646,-17.830779490025815,-2.359099497479879,-7.936344318037452
2001-12-29,21.76419207136528,-17.933490214331954,-2.278194665618436,-8.212384693966538
2001-12-30,20.434971497338182,-16.510356091080034,-1.6433196169746584,-9.603150604859003
2001-12-31,21.614040989267405,-16.696732629436205,-1.3871153672342156,-8.964898739348207
2002-01-01,19.9350482486754,-15.33914377093467,-1.5992071171856514,-9.6306351994623
2002-01-02,19.347310302894506,-14.652826146283282,-1.7068218795178327,-8.317543093657035
2002-01-03,20.161032240146863,-15.247739560183824,-3.3146451057416466,-7.253989721232967
2002-01-04,19.551585649128256,-14.44153007205436,-2.4835829529757008,-6.110856337076292
2002-01-05,17.919515272368542,-15.242374842176503,-2.9940656954283957,-7.3708984258504575
2002-01-06,17.004366415399822,-15.657678738445696,-0.7826996237961859,-7.984428062907296
2002-01-07,16.713001697334686,-16.38086350790499,-1.988127708492937,-6.577713186863691
2002-01-08,15.691670481429295,-17.862234081605703,-1.7052932767410616,-5.031711401761844
2002-01-09,15.531242468858892,-19.70277982814998,-2.276194984806748,-5.079697062424855
2002-01-10,14.806687063520815,-19.673054497751036,-2.130037996477287,-5.728008314962912
2002-01-11,15.480885706618675,-20.363212095180053,-2.21236510431917,-3.7044242325315584
2002-01-12,15.781619620637665,-20.797454313832898,-3.336061266161181,-5.166433103914757
2002-01-13,16.466119636050326,-20.62221344195212,-2.662214338642393,-2.6242128637828057
2002-01-14,16.827335514578063,-19.710181189136065,-3.0868395185155397,-2.8463542212465067
2002-01-15,16.008960180557164,-19.739449395172503,-3.894353518687215,-2.231102559859214
2002-01-16,17.824949819232124,-19.016971305968116,-3.035963922078174,-1.7311735647564261
2002-01-17,18.90012688395632,-16.52530469085857,-3.5010579245062603,-0.45647642949247946
2002-01-18,19.07366988002272,-16.980282959477577,-3.659235931556811,-0.8273244382548617
2002-01-19,19.75139247320371,-17.249928664364077,-3.6783475742742406,-1.150297646180823
2002-01-20,19.30786962334307,-15.951835004504098,-3.7241382485912764,-3.2787592457677155
2002-01-21,19.32443744373352,-14.930869889075614,-4.0878224873053295,-2.7106842151777193
2002-01-22,20.143670449406464,-14.288703426420806,-2.455241506275251,-3.3081303292686925
2002-01-23,20.353337827254848,-14.981222664173629,-1.1222605142317525,-3.560840746834913
2002-01-24,20.058667907934268,-14.772849109366966,-0.05437948698238326,-4.130580831326657
2002-01-25,18.69117019190802,-14.23220355153822,-0.5357566034492326,-4.792584348603693
2002-01-26,20.414817987397385,-13.467791386647157,-0.060253631993406,-3.3496148280938467
2002-01-27,21.293631335164445,-15.015911958801404,0.35879931234080686,-2.9287471735948656
2002-01-28,21.671163035422964,-13.76175733992673,-2.016888736829239,-2.9438556734475267
2002-01-29,21.711574364958626,-15.178366827956703,-3.2653059210724478,-3.641758111583986
2002-01-30,22.184911331031596,-15.203178859572278,-1.4850310355866934,-4.552666141118501
2002-01-31,22.261316117757964,-16.51280468047206,0.28604488411596685,-4.157414790229717
2002-02-01,24.261589801388673,-16.545026646561688,0.6235492833813021,-2.967366750571588
2002-02-02,23.989107667762166,-15.798352798154117,0.4618965729583573,-2.174160170399534
2002-02-03,22.49747372999253,-16.467726571633776,0.8144409152652039,-0.7622449235653468
2002-02-04,23.92054980756731,-16.096717144964746,1.7189603563797196,-0.9949679934188753
2002-02-05,23.282933548435267,-17.156009885861508,2.100035138245339,-2.4985640067688895
2002-02-06,21.27195933026099,-15.341130794861192,2.9582000325425937,-2.6591455161103195
2002-02-07,20.564640889149242,-16.2142829104247,5.259927371821977,-1.6617169728628147
2002-02-08,20.751668583411064,-17.723536697495664,5.204842189020979,-1.1729132549722785
2002-02-09,19.766334279794275,-17.229133085855217,6.830290789677621,-1.9773900156327926
2002-02-10,19.069989898200703,-18.000141381202013,5.253916406786924,-0.5832015404189876
2002-02-11,19.36464418651873,-17.576093287884174,4.42452242419814,2.409943671865617
2002-02-12,19.857667361683053,-16.041165136477463,6.140451097158322,2.013035066784858
2002-02-13,20.952181719355515,-16.23109330840141,4.441403417147518,2.047108943789451
2002-02-14,20.785401153266772,-17.666182426510716,3.8008788408231253,2.9360981107142026
2002-02-15,20.149580170957094,-19.306005170913437,5.654219452892185,0.22830910633280643
2002-02-16,21.152255542907934,-19.551755402041387,6.4754600024125715,-0.08049425975254826
2002-02-17,21.94922156054514,-19.692825032377918,6.428682778676311,-0.19075120994626663
2002-02-18,23.65620534514957,-18.828840246212806,6.146136645701098,0.616283232287682
2002-02-19,25.0999684411678,-18.394033834078208,6.7466685010423095,0.6293982755493956
2002-02-20,26.400881435193703,-17.772917542180735,7.052626362835325,-0.07522697779602328
2002-02-21,25.270713398737417,-18.10589348111906,6.509049437087008,-0.09877108921823939
2002-02-22,25.316283047077537,-17.720343461009044,7.258133142782681,-0.2715538124757076
2002-02-23,26.971666640043296,-18.649712329697437,7.639941019628765,-0.5549190287312684
2002-02-24,25.375332042726313,-19.54101747218022,7.596516081208892,-0.41537321430714763
2002-02-25,25.959690788668436,-18.51701670639831,8.067885482258019,-1.5579003521900867
2002-02-26,27.567263116533915,-18.481178077439285,10.66228878719995,-0.8940367224089024
2002-02-27,27.42218626158744,-19.095806997758363,11.31090076465418,-1.3710342642092788
2002-02-28,26.222343129043747,-19.621515198915834,12.662375767395126,0.13211831183861866
2002-03-01,24.37044207425647,-19.78601950503261,12.653376378340436,-0.39342407578543115
2002-03-02,25.344659919576063,-19.167958621098563,13.183958909004163,1.3791020899507922
2002-03-03,24.94120125478117,-17.464200058548897,12.981924825484871,2.994665022840678
2002-03-04,25.977088277960462,-19.42514858818587,13.436007832513798,3.6182499135237776
2002-03-05,27.09401177822483,-20.427949255462362,12.385616977438715,3.2977356151609643
2002-03-06,27.83031479865677,-17.58852390705381,12.5593988385416,3.4442121119840845
2002-03-07,26.430776016054118,-18.052102045027755,9.772221453536545,3.95865799905849
2002-03-08,26.65514288302844,-16.29429390896424,10.519195856395623,6.274468657228133
2002-03-09,26.505379324882956,-15.940818426979321,10.927755747010583,8.46173368151527
2002-03-10,26.008108425296168,-15.939147780971398,11.706365786932436,9.281840428174053
2002-03-11,26.31060022201803,-18.092448023708247,11.36010829954172,10.174319727934543
2002-03-12,26.017017866851393,-18.321738338054942,9.907550888273413,11.810641166459238
2002-03-13,26.98568889897254,-17.532892463952088,9.633914416240112,12.531017239730982
2002-03-14,27.152014551315,-17.62862362753858,11.07350776814101,11.135402393625727
2002-03-15,27.280603642089094,-17.579548813998613,11.065773111175638,12.480850468940268
2002-03-16,28.10863765831631,-18.333472218433624,11.175319172123224,13.581913714496752
2002-03-17,26.502582644347218,-18.789245964367364,11.1885162971989,13.32858587140997
2002-03-18,27.077120578119835,-19.464199622705074,11.642671213337428,13.812687490645812
2002-03-19,26.17904879161688,-21.25428394474485,13.25185440128735,14.295400041563013
2002-03-20,27.367644919620993,-20.230840578340832,13.419124705824316,14.362184209898796
2002-03-21,27.592376167314423,-19.83560331933865,13.980614648591555,14.727957955836878
2002-03-22,27.478080709617814,-21.5622138551962,14.285469033970905,15.24050242933848
2002-03-23,27.14479944664012,-20.033490625920578,14.457513788084837,15.570251674181323
2002-03-24,25.73980514516703,-19.68789741556439,12.750385005338343,13.757015071137973
2002-03-25,25.864542924432442,-19.555035396157592,13.087565726963783,13.862859464584998
2002-03-26,24.74090888834549,-18.531692914377246,11.740926634551924,14.431160907029499
2002-03-27,24.68030961388469,-19.254028790743533,12.68042401778816,14.113088915807523
2002-03-28,25.971192737089122,-19.555743901614942,14.008259883668371,13.3376676828696
2002-03-29,25.73064260868679,-19.711722904879245,15.917440234381553,11.038499422989412
2002-03-30,26.145932401838643,-19.92010954503083,15.751672739407486,11.86278204627228
2002-03-31,25.50589983140588,-21.16916136173756,16.656082914680308,13.12680432526932
2002-04-01,24.499532641860213,-22.222005622998022,17.720015138157077,14.281353116846146
2002-04-02,24.74790444739695,-23.01451655963269,18.147237582709224,16.186637365425177
2002-04-03,24.71962466279168,-25.335083530147035,17.425091256930877,16.108112394067366
2002-04-04,26.444567789083955,-25.64314631980617,17.82722006142312,15.087997442284596
2002-04-05,25.260371939062637,-24.979273667714644,18.461741497651833,14.589900303517126
2002-04-06,25.811718188281173,-24.19276077592996,19.65706744712885,16.628090981641083
2002-04-07,26.791000115225184,-23.33468505601933,19.76153335668991,17.16694692213468
2002-04-08,26.639708706420173,-23.42325244250727,19.976365298409064,15.691940294605342
2002-04-09,26.28648185067842,-23.6668241358949,20.185019545363712,15.993824615761278
2002-04-10,27.09212195638192,-25.83893683302286,20.53959846683963,17.727856298800646
2002-04-11,29.132350946171478,-24.671866469346913,19.862185684367592,18.476764815665383
2002-04-12,28.185777967408526,-24.50776430747455,19.992176305263285,19.494925302300533
2002-04-13,27.95447865260463,-23.790119496404046,20.724669671965827,21.37362725175257
2002-04-14,26.28011111378623,-23.835064710801916,22.124830138046953,22.673451467065664
2002-04-15,26.899977485677237,-25.93587076868328,21.54145348417375,22.360438687834183
2002-04-16,26.675691333284345,-27.006241425341013,22.515772497512177,22.26665599390105
2002-04-17,25.784815658848164,-27.266540408223637,22.852926157992254,20.87356549605869
2002-04-18,24.270084612333143,-27.476216026288075,21.650704743381965,20.603117848852428
2002-04-19,24.236303544014156,-27.86310050829825,23.06323230068283,22.54768849146475
2002-04-20,24.601524721773053,-26.51032514059242,22.836574413783502,20.575830349081823
2002-04-21,22.942716313927,-26.05385480843912,24.42894854896457,19.851698862140353
2002-04-22,23.396866635031497,-25.59036940032092,25.49400933899448,19.478502493274803
2002-04-23,24.93081359322207,-25.543053200872453,23.21710880812274,18.375352027102032
2002-04-24,26.818246498939338,-24.488108874159987,24.085672961178563,17.941358383218173
2002-04-25,26.269172324042838,-24.75474834845163,23.337021978455645,18.228908403872897
2002-04-26,26.662630171846015,-23.163429161450722,23.746193914141163,19.8444738649623
2002-04-27,26.241199829142875,-24.7584436333065,24.922442650574435,20.571195891144775
2002-04-28,25.098028467812284,-24.12772238075425,23.5252657416225,19.5542037075014
2002-04-29,24.290985146529486,-24.65952931385608,25.955024933105268,21.22760744079491
2002-04-30,23.9275566104104,-23.55125750637081,25.258678027382487,20.03076499473864
2002-05-01,23.515518643732076,-25.32292688442773,23.656219022255755,21.247437951662825
2002-05-02,22.60862703976635,-24.01071732285269,23.679930138946805,21.080179731855303
2002-05-03,23.079772754803745,-22.008516382917392,21.985570401508348,19.341890287865308
2002-05-04,22.491439135752522,-22.86912515645172,20.744147624988866,19.435122744982483
2002-05-05,21.61638052656617,-21.55609118001158,19.20538613916353,19.328221616824003
2002-05-06,21.78812971927182,-22.36117496885232,19.778045755395326,19.209824993048315
2002-05-07,23.98493855646762,-23.06139229231834,20.526365105184716,20.219087839401553
2002-05-08,23.95482326134557,-25.59158438793705,18.402020791940345,20.26193781344787
2002-05-09,24.760195353445038,-25.373972799073375,18.54869487100442,20.574789412590224
2002-05-10,23.51618999764777,-25.04863443644243,18.230189304644234,20.94880548754688
2002-05-11,23.646452368369783,-24.877658735114792,18.03569199089678,22.281578450980575
2002-05-12,24.157068990912148,-24.25727436235259,19.776879067675598,22.306904743070177
2002-05-13,23.26570805012686,-23.57481381176073,20.907643088950135,22.17682874728038
2002-05-14,21.587555319548382,-22.9268293312754,19.959418677552584,23.15783178282071
2002-05-15,21.708473399690412,-23.28030846961067,20.901271681988614,23.259142717837367
2002-05-16,21.31703510896965,-23.58754960628784,22.04650934865834,24.012555701712678
2002-05-17,19.955702653966014,-23.414028004331,21.499398607876433,25.8966669074536
2002-05-18,19.734256299251232,-25.78300331845382,20.71537070727814,25.087573433099386
2002-05-19,19.458934958311584,-27.467473346090777,21.108401107546623,26.040322075291524
2002-05-20,21.341296333274638,-26.17012894852308,20.606096615427973,25.403838642111957
2002-05-21,21.902884947901807,-27.485292552299004,20.80486723613333,26.71844414675335
2002-05-22,21.509515622724845,-26.52896035397829,20.9147573358249,27.039336335322318
2002-05-23,22.21547910375629,-26.70658329284704,21.517707635524527,26.86573782461248
2002-05-24,23.36760713867389,-25.157972890669434,21.661655520723127,28.31395054014867
2002-05-25,25.388961881959318,-26.299660275392167,22.605373674468776,28.08012219341932
2002-05-26,26.073612189723374,-24.61809035383325,22.77751474479434,27.87542155313713
2002-05-27,26.75265131016015,-24.564866264853897,22.6974130885361,28.847894539854725
2002-05-28,27.25374129614733,-24.985533945531408,24.604609384778744,29.944903892905522
2002-05-29,27.644244549084863,-23.03392279536573,23.94473374404861,28.928849830606406
2002-05-30,27.67632955384102,-21.812556603318303,23.943165058443757,28.11561489005459
2002-05-31,27.965688917465634,-20.73418467016452,24.390807587766584,27.398905574388674
2002-06-01,27.78979343318968,-21.045823200606357,23.212561412861277,26.714489418251606
2002-06-02,26.487203524047207,-22.686715296621994,25.221202791896637,26.513748920427613
2002-06-03,24.06501080894234,-24.295306308397173,25.764195198346094,27.25657819412645
2002-06-04,23.434258692510724,-23.243203455352116,27.558290911747747,27.16672577009499
2002-06-05,23.04009833911316,-23.727200661343453,28.878630240422485,25.783123104366517
2002-06-06,23.99008137614055,-26.01281305155844,28.659353334351586,26.802431085555327
2002-06-07,23.125170862543857,-26.325571868641305,29.53364453310807,25.764694423286482
2002-06-08,22.546021622024295,-25.32922902202385,29.669663203895837,26.60815486461841
2002-06-09,22.225049496884075,-24.206449695708226,28.01142321221855,26.959162451390092
2002-06-10,23.55719255392443,-23.922704412807512,28.554500539019354,26.25364049499677
2002-06-11,22.023712203342026,-23.803680312811125,27.367900003673533,27.53521179911541
2002-06-12,20.639675151810685,-23.86373947970683,27.858160481758873,28.93458337850993
2002-06-13,21.917140372545934,-25.6881752090925,27.51277629501088,28.164710982204774
2002-06-14,23.535639525251966,-25.235891045484056,28.87781049574945,29.062002852029007
2002-06-15,21.913826123148297,-25.10455418469712,28.241135264305957,29.234844985837558
2002-06-16,23.04503065779993,-25.94847076524325,27.813187543852468,27.008541934211134
2002-06-17,21.588423123004677,-24.800731353245112,27.598729099252267,25.597427876742685
2002-06-18,21.88647641803946,-23.626323721312243,27.413215919194997,26.6126542094553
2002-06-19,22.704534760583805,-23.289129621403333,26.760633720062202,26.19963626819511
2002-06-20,24.991986027213855,-23.374926084459652,25.814797326352032,24.87383546760629
2002-06-21,26.628984100606303,-24.428120121954095,24.62564936851672,25.982855844323286
2002-06-22,28.094575395745668,-24.9413873454685,24.548961353889474,25.24089134370267
2002-06-23,27.931757824730962,-23.6554792307753,24.363471318975844,25.53497330779699
2002-06-24,27.53707389364554,-23.015654068950546,23.59414682005033,25.228328770206367
2002-06-25,26.715171013443253,-22.699471321856542,23.53341906918506,24.119600837549733
2002-06-26,25.55818404588067,-22.078630457694203,22.90183066752758,21.927251125315237
2002-06-27,26.71667093705598,-20.987946572177933,22.18471167862258,23.65751327064536
2002-06-28,26.71161469384342,-20.838325886668535,21.95812320101122,23.955195786333608
2002-06-29,26.947214324105545,-21.479537767553722,22.622436351699406,22.582135968779475
2002-06-30,26.051845251375276,-22.412649752125446,23.110192521936156,21.758436695784535
2002-07-01,25.450597611842547,-22.172503650667608,22.007493682567432,20.659385433504863
2002-07-02,24.786322971518725,-21.41516078956959,22.668728723298464,19.648217161176653
2002-07-03,24.174051061677105,-21.917070719161092,22.39309900215617,21.210668304989543
2002-07-04,24.614317673518368,-21.455379549342716,23.24179709065041,21.07813094283632
2002-07-05,24.49489981343207,-21.750199252587272,21.95142673565763,19.65494216880793
2002-07-06,24.287024576191538,-21.76496533074507,21.186141163364297,19.77325805381265
2002-07-07,25.356016793342548,-21.71538794397861,21.111918234640594,19.511999726014693
2002-07-08,25.7187695463297,-19.697572782634058,22.856358105324826,20.912649608636745
2002-07-09,24.688336586204716,-20.43853491945211,23.265136787029938,22.556115447259288
2002-07-10,24.365963919712204,-20.61374266152274,23.4312158195267,24.612627665444457
2002-07-11,25.31504523002993,-20.474327252154144,24.50484405697651,22.590184838739596
2002-07-12,26.45249216173877,-20.92230483773506,25.13359238943949,22.373631138726886
2002-07-13,26.524180048286517,-19.851281497154456,26.77440091931536,21.739181721220515
2002-07-14,27.801220987842388,-20.493778823102037,26.378724700943856,22.01901591433964
2002-07-15,28.60558024558443,-20.470470896259226,25.037255831566316,21.252275837125804
2002-07-16,27.836537548309614,-22.38927265783211,24.167229830581043,21.060435167478452
2002-07-17,27.4248613019951,-21.73318760715235,23.753620371279577,20.022484427674193
2002-07-18,28.0225599059817,-22.95177317346429,21.692659315861782,20.27311491904321
2002-07-19,29.897229957597524,-23.759268958740627,23.32891122191318,21.567018735277813
2002-07-20,30.99998009612132,-22.595520993551258,23.530616772004773,20.37821297866179
2002-07-21,32.55144067493445,-24.07411048753941,22.177346054853473,20.6285209776827
2002-07-22,34.04863250585663,-23.84294148274447,22.37861913636927,20.230960616786405
2002-07-23,33.65705815478137,-22.69415375742811,22.118649283070337,20.53822534035363
2002-07-24,33.4592378746715,-22.273676858098472,22.656150412389447,21.31773924747315
2002-07-25,35.08861503495998,-22.538856426828698,21.757920986946424,22.46027637634205
2002-07-26,35.34050397764108,-21.85889291637424,23.536388450295533,23.152809318304936
2002-07-27,35.6398944281183,-22.632955556046333,23.378992075283303,23.170317525926436
2002-07-28,34.86840309446052,-22.612479406748676,24.477365841606407,21.53772542492528
2002-07-29,34.81831832804115,-23.92480370758546,22.88567686747825,22.13676579826761
2002-07-30,35.46297618048503,-23.193530134328302,23.549101494482464,22.225840683082115
2002-07-31,34.860687677181105,-24.587930886423624,21.444218981450412,22.074198301675267
2002-08-01,33.26522939153513,-23.78792237954211,20.788909861543512,21.183705968088432
2002-08-02,32.10125109961554,-24.211255973839133,20.941509590860576,20.015453558274352
2002-08-03,31.717908249705538,-25.723871178706663,20.861478923848896,21.891785904486653
2002-08-04,31.647802154399642,-26.054863604095118,21.748994114034947,22.205278362443103
2002-08-05,30.74892031496146,-26.553009862251827,22.356798127037923,22.232094019304068
2002-08-06,30.829686288634488,-27.676235075525554,23.138559901907264,22.950093671430537
2002-08-07,30.868682465663724,-29.033229593114243,23.902286377050554,24.265065643507423
2002-08-08,32.74525384150844,-29.678377342080704,23.672705374365254,24.062307349797138
2002-08-09,34.0549153479185,-30.20915719641931,22.447875944728267,23.424969174058997
2002-08-10,32.91557969367222,-31.203230003971502,22.74708065462489,23.062568924476345
2002-08-11,32.701044109026114,-33.04216383058703,25.037918207950057,22.104883346521856
2002-08-12,31.96926192104049,-32.1265805961053,24.09291673357614,21.835886606476336
2002-08-13,31.88818619003597,-31.99363937932943,24.322362536540673,21.41419291605625
2002-08-14,32.421942834456324,-32.29744100074476,24.04606960775274,20.10953608902788
2002-08-15,32.835364701071754,-31.7345430487993,24.361825485890144,20.42983978830869
2002-08-16,33.996387053807624,-31.981798267611534,25.39132773046936,19.850243375468317
2002-08-17,34.3206228986067,-32.15949351530857,25.13829293160339,19.721510376430484
2002-08-18,33.98205579628424,-32.23475227919869,26.099972161062198,20.812758157246744
2002-08-19,34.58959320340472,-31.468041325706427,26.611540635652617,21.000698014801955
2002-08-20,34.638568061217825,-31.04443718759071,26.479876894664606,21.712616396532145
2002-08-21,33.801115896274545,-29.85527682294059,25.55556020792307,22.54511520995914
2002-08-22,33.48739051475529,-28.3921255168055,26.266134518280914,23.04484943563435
2002-08-23,35.229060761902645,-26.80421818698196,27.756997360446448,22.073717298318698
2002-08-24,33.891984536010156,-27.24705469834021,27.10384827418588,22.345035241928112
2002-08-25,35.18284775645753,-27.85655133932907,27.40331736655925,22.451604188506753
2002-08-26,35.46497860452954,-26.72122415331571,29.89261434812527,22.049575737178277
2002-08-27,37.20684964223535,-25.954527560402788,30.061274251860794,22.4369036371622
2002-08-28,37.43725783431444,-26.31768420199416,28.910340416587786,23.35984795251867
2002-08-29,35.89735060414065,-26.262497324337797,28.697404463497474,23.69888260090085
2002-08-30,36.659112681820375,-26.523699143020718,29.797813233224304,25.08698345734597
2002-08-31,37.77637689355842,-26.46554260586392,30.301690658014415,25.27209541149245
2002-09-01,37.72425847164544,-25.96882275832727,29.885782081050596,26.655686405610936
2002-09-02,37.617212994049844,-26.870077620073147,31.591159554909318,26.01671890153287
2002-09-03,37.89116765058105,-27.214645869675994,34.12397844937431,25.053307705506867
2002-09-04,39.038797358868415,-27.68623815648486,33.47433307406403,26.591433843734862
2002-09-05,39.606844420539524,-29.281124048648376,32.110855364014135,26.25489840317795
2002-09-06,39.26331760876883,-29.772778884847142,30.689004547398415,25.148908435819596
2002-09-07,39.27766563418638,-29.00566194501512,30.02629189097752,27.4057094379372
2002-09-08,37.53965969472448,-29.4568352169866,29.479095559247884,29.97456734767932
2002-09-09,39.00032737316444,-29.56272568037537,30.955924318191784,30.48085158668273
2002-09-10,39.91485512209546,-28.64530923978012,29.624207066027832,29.676272319453386
2002-09-11,40.10828126116215,-28.513012436068532,32.51054677556323,29.970434238278347
2002-09-12,40.655148433196075,-29.058297074022974,31.1713170371137,30.930902632742075
2002-09-13,42.117118095195224,-30.584179537960498,29.868724736718853,29.92923723474265
2002-09-14,40.97740797801675,-30.733039903840226,30.377170113915813,30.068136730120735
2002-09-15,40.65435225677788,-29.636136693388586,32.32729975397653,30.59494759679504
2002-09-16,41.692983996204376,-29.87681818811714,33.78781080888745,29.39332537636058
2002-09-17,40.69436973413327,-30.3017820395423,32.625319245928864,30.143434934872744
2002-09-18,40.594143260519374,-28.113970417888037,33.71113411754682,29.691764449594984
2002-09-19,41.76170758428764,-28.979327695982487,32.87612512924709,28.38742826332121
2002-09-20,42.7890425234966,-28.534006070618105,31.355268745999716,28.98568659403608
2002-09-21,40.49338518332184,-30.093624370825758,32.712807654344616,28.80076582601902
2002-09-22,39.30713510223784,-30.561398077704624,33.471423498388795,29.834371515921074
2002-09-23,40.18545448402522,-30.091730690214874,34.13041019486584,29.167682815678482
2002-09-24,40.477544848367295,-29.816606432679464,35.04335387573785,28.151038822536783
2002-09-25,39.57129802914978,-29.644414968670436,34.69717671814729,30.225879334954175
2002-09-26,40.664232965862055,-30.80333542755071,35.40645646113282,29.668907984757773
